County,Year,heated_by_electricity,heated_by_gas,heated_by_fuel_oil,heated_by_other,no_heating,heated_by_lp_gas
Alamance County,1990,12543,15946,7552,2541,64,4006
Alamance County,2000,16783,24211,2996,1005,78,6511
Alamance County,2010,23032,26390,2086,1243,55,6194
Alamance County,2015,26576,26122,1578,1918,232,5119
Alamance County,2020,32290,26842,848,1101,369,4005
Alamance County,2025,39146,27705,-27,1012,329,2668
Alamance County,2030,44860,28425,-757,867,373,1554
Alamance County,2035,50574,29145,-1487,723,418,440
Alamance County,2040,56291,29866,-2218,579,462,-674
Alexander County,1990,4095,20,3735,2032,36,413
Alexander County,2000,7642,136,3130,665,52,1512
Alexander County,2010,9015,417,2128,677,89,1093
Alexander County,2015,10244,340,1194,728,82,993
Alexander County,2020,11191,494,919,606,95,744
Alexander County,2025,12327,579,589,459,110,1059
Alexander County,2030,13274,657,314,337,123,1088
Alexander County,2035,14221,735,39,215,136,1116
Alexander County,2040,15168,814,-236,93,149,1145
Alleghany County,1990,790,4,1818,1162,3,117
Alleghany County,2000,1115,8,2383,464,0,623
Alleghany County,2010,1811,78,1829,556,13,684
Alleghany County,2015,2098,42,1236,663,55,676
Alleghany County,2020,2170,210,1060,705,0,856
Alleghany County,2025,2256,172,848,755,28,1071
Alleghany County,2030,2328,199,672,797,31,1251
Alleghany County,2035,2400,226,496,839,35,1431
Alleghany County,2040,2472,253,320,881,39,1612
Anson County,1990,2333,638,3010,1428,12,1110
Anson County,2000,3090,895,1780,355,24,3060
Anson County,2010,4090,921,1126,544,28,2826
Anson County,2015,4952,677,1069,426,5,2382
Anson County,2020,5715,547,461,182,21,2877
Anson County,2025,6630,391,-268,-110,18,3255
Anson County,2030,7393,261,-876,-354,19,3467
Anson County,2035,8156,131,-1484,-598,19,3679
Anson County,2040,8919,0,-2092,-842,19,3891
Ashe County,1990,1344,4,4437,2922,0,141
Ashe County,2000,1999,24,6478,1082,20,808
Ashe County,2010,3469,103,5173,1549,0,1554
Ashe County,2015,4810,339,3503,1771,10,1353
Ashe County,2020,4987,376,3092,1606,16,1808
Ashe County,2025,5199,420,2598,1408,14,1980
Ashe County,2030,5376,486,2187,1243,15,2168
Ashe County,2035,5553,552,1776,1078,16,2356
Ashe County,2040,5730,618,1365,912,17,2545
Avery County,1990,1240,35,2426,1480,2,337
Avery County,2000,1233,16,3774,545,0,964
Avery County,2010,2315,314,2152,907,0,1506
Avery County,2015,2652,225,1836,988,31,1069
Avery County,2020,2512,291,1574,885,16,1291
Avery County,2025,2344,366,1259,761,23,1602
Avery County,2030,2204,416,997,658,27,1751
Avery County,2035,2064,466,735,555,30,1901
Avery County,2040,1923,516,473,452,34,2050
Beaufort County,1990,4726,1847,3724,1631,47,4182
Beaufort County,2000,6408,2571,1538,462,58,7282
Beaufort County,2010,8857,2450,758,555,31,7408
Beaufort County,2015,9686,2061,398,578,32,5761
Beaufort County,2020,11162,2294,459,423,64,5817
Beaufort County,2025,12933,2573,532,237,45,5884
Beaufort County,2030,14409,2806,593,82,45,5940
Beaufort County,2035,15885,3039,654,-72,45,5996
Beaufort County,2040,17361,3272,715,-228,45,6052
Bertie County,1990,1769,39,2502,1541,36,1525
Bertie County,2000,2645,124,1494,591,16,2873
Bertie County,2010,4041,151,774,340,16,2838
Bertie County,2015,4021,144,601,312,12,2318
Bertie County,2020,4835,180,481,136,40,2336
Bertie County,2025,5811,223,337,-75,22,2750
Bertie County,2030,6625,259,217,-251,21,2849
Bertie County,2035,7439,295,97,-427,21,2947
Bertie County,2040,8254,331,-23,-603,20,3045
Bladen County,1990,3783,271,2653,1481,37,2535
Bladen County,2000,5975,722,1105,403,49,4643
Bladen County,2010,7635,542,858,456,39,4444
Bladen County,2015,9614,870,336,331,49,3201
Bladen County,2020,9641,673,118,126,21,2815
Bladen County,2025,9673,866,-143,-170,32,3526
Bladen County,2030,9700,932,-361,-362,31,3525
Bladen County,2035,9727,998,-579,-554,29,3525
Bladen County,2040,9754,1065,-797,-746,27,3525
Brunswick County,1990,12160,94,3792,1559,53,2411
Brunswick County,2000,21484,300,1910,445,116,6183
Brunswick County,2010,35902,648,1030,590,209,7030
Brunswick County,2015,41321,817,779,616,299,5361
Brunswick County,2020,52176,1455,571,438,211,4565
Brunswick County,2025,65200,2220,321,168,310,6387
Brunswick County,2030,76055,2858,113,20,344,6724
Brunswick County,2035,86910,3496,-94,-126,379,7060
Brunswick County,2040,97771,4134,-302,-274,414,7397
Buncombe County,1990,21887,10184,29937,7036,62,1696
Buncombe County,2000,32493,16638,27106,3275,223,6041
Buncombe County,2010,47765,19580,19942,4318,319,7385
Buncombe County,2015,59029,19640,12529,4858,263,5541
Buncombe County,2020,66265,20331,9315,3821,474,4971
Buncombe County,2025,74947,21160,5458,2576,484,7090
Buncombe County,2030,82183,21851,2244,1539,541,7606
Buncombe County,2035,89419,22542,-969,502,598,8122
Buncombe County,2040,96659,23233,-4185,-534,655,8639
Burke County,1990,11032,2310,11013,3904,9,916
Burke County,2000,16555,4075,9876,1410,89,2523
Burke County,2010,19754,4262,6458,1689,102,2623
Burke County,2015,21483,4502,4129,2006,129,1931
Burke County,2020,24959,3187,3147,1701,511,2159
Burke County,2025,29129,1609,1968,1335,403,2624
Burke County,2030,32605,294,986,1030,465,2780
Burke County,2035,36081,-1020,4,725,527,2937
Burke County,2040,39559,-2336,-977,419,589,3093
Cabarrus County,1990,14515,10977,8907,1886,22,1208
Cabarrus County,2000,21652,19468,4435,791,88,3085
Cabarrus County,2010,28497,28280,2900,948,110,2945
Cabarrus County,2015,32765,29797,1500,747,167,2185
Cabarrus County,2020,38531,30185,985,814,284,2044
Cabarrus County,2025,45449,30650,367,894,424,2641
Cabarrus County,2030,51215,31038,-147,961,541,2733
Cabarrus County,2035,56981,31426,-662,1028,658,2825
Cabarrus County,2040,62750,31814,-1178,1095,775,2917
Caldwell County,1990,9243,2216,9949,4582,55,1127
Caldwell County,2000,14252,3733,8458,1553,143,2629
Caldwell County,2010,19056,3283,5316,1758,105,1778
Caldwell County,2015,20506,3416,4397,1476,239,1532
Caldwell County,2020,21777,3938,3114,1419,308,2242
Caldwell County,2025,23302,4564,1574,1350,390,2161
Caldwell County,2030,24573,5086,291,1293,466,2240
Caldwell County,2035,25844,5608,-991,1236,541,2319
Caldwell County,2040,27115,6130,-2275,1179,616,2398
Camden County,1990,766,11,803,373,0,227
Camden County,2000,1372,26,533,46,0,685
Camden County,2010,2111,155,352,58,12,754
Camden County,2015,2798,83,180,47,70,617
Camden County,2020,3036,107,123,6,42,598
Camden County,2025,3321,146,54,-91,62,782
Camden County,2030,3559,165,-2,-142,71,837
Camden County,2035,3797,183,-59,-194,81,891
Camden County,2040,4035,202,-116,-246,91,945
Carteret County,1990,13446,82,4635,799,37,2239
Carteret County,2000,18350,179,1679,321,232,4443
Carteret County,2010,23539,400,679,304,132,3578
Carteret County,2015,25548,493,433,341,101,2649
Carteret County,2020,26302,636,213,350,200,2359
Carteret County,2025,27206,807,-50,360,191,2011
Carteret County,2030,27960,950,-270,369,204,1721
Carteret County,2035,28714,1093,-490,378,217,1431
Carteret County,2040,29469,1236,-711,387,231,1140
Caswell County,1990,2237,166,2188,1613,12,1252
Caswell County,2000,3680,336,1433,680,2,2539
Caswell County,2010,4511,342,1037,854,37,2007
Caswell County,2015,5067,313,825,929,33,1509
Caswell County,2020,5399,507,477,667,133,1810
Caswell County,2025,5797,494,59,352,105,2171
Caswell County,2030,6129,537,-288,90,121,2472
Caswell County,2035,6461,579,-636,-171,137,2773
Caswell County,2040,6793,622,-984,-433,153,3074
Catawba County,1990,21228,7440,12115,3564,53,1300
Catawba County,2000,32477,11835,6843,1233,203,2942
Catawba County,2010,38447,12499,4731,1061,281,2232
Catawba County,2015,41343,11091,2474,1328,413,1992
Catawba County,2020,45583,12105,1664,1175,326,2087
Catawba County,2025,50670,13321,692,991,308,2342
Catawba County,2030,54910,14335,-117,838,278,2403
Catawba County,2035,59150,15349,-927,685,249,2464
Catawba County,2040,63392,16364,-1738,532,219,2525
Chatham County,1990,4982,1632,3411,2306,48,2914
Chatham County,2000,8044,3066,1746,1016,41,5828
Chatham County,2010,11818,4693,969,1217,118,6062
Chatham County,2015,13107,6917,671,1164,34,5030
Chatham County,2020,15624,8634,519,912,141,4074
Chatham County,2025,18644,10694,336,609,120,5470
Chatham County,2030,21161,12411,184,357,132,5652
Chatham County,2035,23678,14128,32,105,143,5833
Chatham County,2040,26196,15846,-119,-146,155,6015
Cherokee County,1990,2905,24,2206,2006,0,825
Cherokee County,2000,3930,84,2302,987,17,3016
Cherokee County,2010,5964,191,1428,939,27,2948
Cherokee County,2015,6022,186,873,797,42,2672
Cherokee County,2020,8093,135,641,989,12,2676
Cherokee County,2025,10577,216,362,1219,34,3402
Cherokee County,2030,12648,240,130,1411,38,3659
Cherokee County,2035,14719,264,-101,1603,42,3915
Cherokee County,2040,16792,288,-333,1795,46,4172
Chowan County,1990,1751,35,1552,593,0,1182
Chowan County,2000,1991,210,965,133,20,2261
Chowan County,2010,2496,444,591,88,10,2275
Chowan County,2015,3255,484,331,213,24,1660
Chowan County,2020,3926,489,267,184,53,1470
Chowan County,2025,4731,495,190,26,46,1877
Chowan County,2030,5402,500,126,-30,53,1906
Chowan County,2035,6073,505,62,-87,59,1935
Chowan County,2040,6744,510,-1,-144,66,1963
Clay County,1990,1103,0,560,828,0,437
Clay County,2000,1281,22,633,234,21,1656
Clay County,2010,1846,127,339,515,0,1683
Clay County,2015,2549,98,225,320,13,1335
Clay County,2020,3123,162,322,413,0,1280
Clay County,2025,3811,183,188,258,5,1714
Clay County,2030,4385,210,128,205,5,1829
Clay County,2035,4959,237,69,151,4,1944
Clay County,2040,5534,264,9,98,4,2059
Cleveland County,1990,13466,6225,8312,2812,101,1121
Cleveland County,2000,18677,9633,5554,1045,233,1904
Cleveland County,2010,22462,8840,3283,1211,174,1709
Cleveland County,2015,25486,7555,2087,1216,196,913
Cleveland County,2020,24926,7905,916,736,222,1384
Cleveland County,2025,24254,8324,-489,160,238,1342
Cleveland County,2030,23694,8674,-1660,-319,252,1326
Cleveland County,2035,23134,9024,-2831,-799,266,1309
Cleveland County,2040,22573,9375,-4002,-1280,280,1292
Columbus County,1990,6266,192,5182,2049,25,4745
Columbus County,2000,9770,385,2441,433,48,8231
Columbus County,2010,12341,572,1080,386,137,7263
Columbus County,2015,15426,357,588,488,114,5033
Columbus County,2020,15021,456,426,203,59,5380
Columbus County,2025,14535,541,231,-138,119,5924
Columbus County,2030,14130,580,69,-423,131,5870
Columbus County,2035,13725,619,-92,-708,142,5816
Columbus County,2040,13319,658,-254,-994,154,5762
Craven County,1990,17341,1899,4797,1602,65,3838
Craven County,2000,22388,2966,2020,471,227,6510
Craven County,2010,30072,3113,1038,421,188,5370
Craven County,2015,30846,3767,610,508,330,4070
Craven County,2020,30255,5429,422,328,134,4434
Craven County,2025,29545,7423,196,112,262,4870
Craven County,2030,28954,9085,8,-67,281,5234
Craven County,2035,28363,10747,-179,-247,301,5598
Craven County,2040,27772,12410,-367,-428,320,5962
Cumberland County,1990,51006,15360,14620,2576,183,7755
Cumberland County,2000,64766,23864,6515,738,419,11056
Cumberland County,2010,79412,24906,3172,854,463,8504
Cumberland County,2015,89504,23833,1879,727,555,6145
Cumberland County,2020,97308,22925,934,490,809,5066
Cumberland County,2025,106671,21835,-199,205,1113,3771
Cumberland County,2030,114475,20927,-1144,-31,1367,2692
Cumberland County,2035,122279,20019,-2089,-268,1621,1613
Cumberland County,2040,130088,19110,-3035,-505,1875,533
Currituck County,1990,2258,25,1394,455,6,900
Currituck County,2000,4104,31,842,217,46,1662
Currituck County,2010,6715,123,468,347,63,1680
Currituck County,2015,7324,263,364,298,16,1035
Currituck County,2020,9325,86,160,202,92,1003
Currituck County,2025,11725,201,-84,198,80,1237
Currituck County,2030,13726,227,-288,171,89,1233
Currituck County,2035,15727,252,-492,143,98,1228
Currituck County,2040,17730,277,-696,116,108,1223
Dare County,1990,6789,36,1369,360,37,758
Dare County,2000,10072,106,647,155,115,1595
Dare County,2010,13685,113,103,70,51,1443
Dare County,2015,13409,191,193,169,39,968
Dare County,2020,14404,208,73,137,34,974
Dare County,2025,15597,236,-70,52,38,1170
Dare County,2030,16592,263,-190,18,33,1176
Dare County,2035,17587,291,-310,-14,29,1182
Dare County,2040,18583,319,-431,-47,24,1188
Davidson County,1990,20602,5179,15719,4981,120,2343
Davidson County,2000,31816,8473,11849,1672,212,4134
Davidson County,2010,40524,10163,7643,1914,351,3889
Davidson County,2015,44336,10099,4823,1959,355,2727
Davidson County,2020,47948,10536,3937,1586,674,2874
Davidson County,2025,52282,11060,2873,1138,1056,2250
Davidson County,2030,55894,11497,1987,765,1375,1836
Davidson County,2035,59506,11934,1101,392,1694,1421
Davidson County,2040,63120,12371,215,19,2013,1006
Davie County,1990,4761,144,3798,1719,35,328
Davie County,2000,8011,1096,3012,651,30,950
Davie County,2010,10283,2055,1880,585,75,954
Davie County,2015,10733,2231,1312,585,77,875
Davie County,2020,11234,2425,966,637,191,850
Davie County,2025,11835,2657,550,699,163,819
Davie County,2030,12336,2851,204,751,185,794
Davie County,2035,12837,3045,-141,803,207,769
Davie County,2040,13338,3239,-487,855,229,744
Duplin County,1990,4714,328,2955,1634,41,5253
Duplin County,2000,8693,335,881,262,105,7991
Duplin County,2010,12586,449,692,266,27,6949
Duplin County,2015,15904,341,402,312,159,4828
Duplin County,2020,15839,525,222,95,68,4688
Duplin County,2025,15760,493,5,-304,106,4520
Duplin County,2030,15695,518,-174,-520,112,4380
Duplin County,2035,15630,544,-354,-735,119,4239
Duplin County,2040,15565,570,-534,-950,126,4099
Durham County,1990,33983,25319,8551,1810,48,2586
Durham County,2000,44022,35446,4231,595,152,4569
Durham County,2010,54937,43428,2274,578,194,3790
Durham County,2015,64213,46304,1046,356,403,3653
Durham County,2020,76938,47594,817,659,760,3360
Durham County,2025,92206,49141,542,87,1188,3008
Durham County,2030,104931,50431,313,-99,1545,2715
Durham County,2035,117656,51721,84,-286,1902,2422
Durham County,2040,130388,53012,-144,-473,2259,2129
Edgecombe County,1990,6115,5921,3105,1510,24,3644
Edgecombe County,2000,7652,6276,1146,461,30,4827
Edgecombe County,2010,9366,6391,730,451,63,4600
Edgecombe County,2015,10764,5551,461,304,42,3904
Edgecombe County,2020,11763,5431,444,133,30,2999
Edgecombe County,2025,12961,5287,423,-72,47,1913
Edgecombe County,2030,13960,5167,406,-243,50,1008
Edgecombe County,2035,14959,5047,389,-414,52,103
Edgecombe County,2040,15959,4926,372,-585,55,-802
Forsyth County,1990,51608,19049,30590,3738,191,2243
Forsyth County,2000,63585,32646,22223,1278,356,3763
Forsyth County,2010,75269,41186,15203,1188,301,3465
Forsyth County,2015,87154,40937,10250,1155,436,3275
Forsyth County,2020,93626,42498,7496,847,657,3766
Forsyth County,2025,101391,44371,4191,477,922,4355
Forsyth County,2030,107863,45932,1437,169,1143,4846
Forsyth County,2035,114335,47493,-1316,-138,1364,5337
Forsyth County,2040,120811,49054,-4071,-446,1585,5828
Franklin County,1990,4715,184,3122,1738,21,3723
Franklin County,2000,8933,497,1621,696,25,6071
Franklin County,2010,14060,931,983,719,79,5993
Franklin County,2015,16464,1563,615,553,152,4159
Franklin County,2020,17787,2798,469,475,227,3973
Franklin County,2025,19374,4279,293,381,316,4688
Franklin County,2030,20697,5514,147,303,391,4663
Franklin County,2035,22020,6749,1,225,466,4637
Franklin County,2040,23344,7985,-144,147,542,4612
Gaston County,1990,21434,27546,10947,3315,68,2037
Gaston County,2000,27862,35677,5605,1031,133,3628
Gaston County,2010,35738,34267,3040,1289,159,2870
Gaston County,2015,39478,33793,1714,1252,304,2625
Gaston County,2020,46080,34423,933,730,751,2369
Gaston County,2025,54001,35178,-4,103,629,2061
Gaston County,2030,60603,35808,-785,-418,720,1805
Gaston County,2035,67205,36438,-1566,-940,811,1549
Gaston County,2040,73811,37069,-2347,-1462,902,1293
Gates County,1990,943,23,1137,666,9,574
Gates County,2000,1588,57,728,266,12,1250
Gates County,2010,2152,143,376,226,0,1509
Gates County,2015,2752,101,287,93,29,1140
Gates County,2020,3043,110,133,131,33,1240
Gates County,2025,3392,107,-51,176,30,1359
Gates County,2030,3683,104,-205,214,34,1459
Gates County,2035,3974,101,-359,252,37,1559
Gates County,2040,4265,98,-513,290,41,1660
Graham County,1990,533,6,1343,798,2,90
Graham County,2000,692,22,1571,269,0,800
Graham County,2010,1540,63,1127,267,0,787
Graham County,2015,1697,51,491,508,0,520
Graham County,2020,2068,20,450,527,0,456
Graham County,2025,2513,52,320,352,0,704
Graham County,2030,2884,57,142,320,0,750
Graham County,2035,3255,62,-34,288,-1,796
Graham County,2040,3626,67,-212,256,-1,842
Granville County,1990,4608,1935,2381,2269,14,1927
Granville County,2000,7397,2756,1153,1046,53,4249
Granville County,2010,11401,2574,903,822,40,4080
Granville County,2015,12670,2941,561,954,26,3071
Granville County,2020,13465,3545,377,547,50,3583
Granville County,2025,14418,4269,156,58,48,4065
Granville County,2030,15213,4873,-27,-348,51,4245
Granville County,2035,16008,5477,-211,-755,55,4425
Granville County,2040,16804,6082,-395,-1162,58,4605
Greene County,1990,1918,214,1353,598,17,1295
Greene County,2000,3144,376,589,233,39,2315
Greene County,2010,4309,333,296,92,7,1984
Greene County,2015,4962,468,158,136,0,1498
Greene County,2020,5210,299,166,38,31,1474
Greene County,2025,5507,415,175,-79,14,1445
Greene County,2030,5755,435,183,-177,13,1421
Greene County,2035,6003,456,191,-275,12,1397
Greene County,2040,6251,476,199,-373,10,1373
Guilford County,1990,57535,48770,21482,5438,190,4291
Guilford County,2000,71024,76608,10715,2034,345,7941
Guilford County,2010,87088,85699,6580,1771,479,7944
Guilford County,2015,104453,82119,3956,1999,568,6445
Guilford County,2020,111563,85206,2669,1926,738,6132
Guilford County,2025,120094,88910,1124,1838,941,7421
Guilford County,2030,127204,91997,-162,1765,1111,7650
Guilford County,2035,134314,95084,-1449,1692,1281,7879
Guilford County,2040,141428,98172,-2737,1619,1452,8109
Halifax County,1990,5444,3276,6314,2637,6,2658
Halifax County,2000,8312,4624,3224,983,46,4933
Halifax County,2010,9850,3944,2265,666,22,4843
Halifax County,2015,11174,4324,1007,843,10,4110
Halifax County,2020,12677,3521,929,331,35,3568
Halifax County,2025,14480,2557,835,-283,29,2917
Halifax County,2030,15983,1754,757,-795,31,2375
Halifax County,2035,17486,951,679,-1307,32,1833
Halifax County,2040,18990,148,601,-1819,34,1291
Harnett County,1990,10929,3418,3811,1538,24,5430
Harnett County,2000,19724,4283,1506,519,137,7631
Harnett County,2010,28233,3891,542,462,122,5861
Harnett County,2015,33072,3733,337,471,164,4895
Harnett County,2020,37146,3623,225,257,474,4800
Harnett County,2025,42034,3491,90,0,395,4686
Harnett County,2030,46108,3381,-21,-213,451,4591
Harnett County,2035,50182,3271,-133,-427,507,4496
Harnett County,2040,54258,3160,-245,-641,563,4400
Haywood County,1990,4973,81,9343,3833,10,971
Haywood County,2000,6912,168,10997,1539,46,3438
Haywood County,2010,10383,641,8584,2670,20,4147
Haywood County,2015,12737,634,6658,2572,182,3328
Haywood County,2020,15077,492,5549,2130,159,3484
Haywood County,2025,17884,757,4218,1902,184,3671
Haywood County,2030,20224,850,3109,1732,210,3827
Haywood County,2035,22564,943,2000,1563,237,3983
Haywood County,2040,24906,1037,890,1393,263,4139
Henderson County,1990,11113,5114,8102,3090,30,1260
Henderson County,2000,16461,9688,6375,1478,95,3317
Henderson County,2010,22099,12819,4217,2071,207,3696
Henderson County,2015,27065,11833,2652,1797,170,2562
Henderson County,2020,30676,13264,1455,1483,213,2624
Henderson County,2025,35008,14980,18,1610,228,3379
Henderson County,2030,38619,16411,-1178,1567,244,3561
Henderson County,2035,42230,17842,-2375,1525,259,3742
Henderson County,2040,45843,19274,-3572,1482,275,3923
Hertford County,1990,2386,550,2985,1041,20,1168
Hertford County,2000,4084,709,1733,239,31,2157
Hertford County,2010,4418,799,1255,269,20,2246
Hertford County,2015,5152,727,691,211,48,1822
Hertford County,2020,5579,696,351,157,21,2099
Hertford County,2025,6091,658,-56,92,33,2013
Hertford County,2030,6518,627,-396,38,34,1994
Hertford County,2035,6945,596,-736,-15,36,1975
Hertford County,2040,7372,565,-1077,-69,37,1956
Hoke County,1990,3089,514,1300,734,5,1763
Hoke County,2000,7131,657,726,221,40,2598
Hoke County,2010,10903,682,276,162,120,2089
Hoke County,2015,13705,1039,147,178,139,1782
Hoke County,2020,15485,865,135,134,132,1697
Hoke County,2025,17620,1022,120,81,123,1595
Hoke County,2030,19400,1093,108,37,116,1510
Hoke County,2035,21180,1164,96,-6,109,1425
Hoke County,2040,22961,1235,84,-50,102,1339
Hyde County,1990,509,6,626,308,9,636
Hyde County,2000,577,73,172,160,0,1203
Hyde County,2010,614,63,56,81,0,1107
Hyde County,2015,1052,93,7,55,0,843
Hyde County,2020,688,208,110,32,0,1018
Hyde County,2025,900,187,-138,4,-3,896
Hyde County,2030,956,213,-226,-18,-4,849
Hyde County,2035,1012,239,-313,-41,-5,803
Hyde County,2040,1068,265,-401,-64,-7,756
Iredell County,1990,13640,8333,8987,3316,67,1230
Iredell County,2000,23027,13301,6073,1510,132,3317
Iredell County,2010,33080,16935,3386,1465,170,2970
Iredell County,2015,37390,17126,2036,1327,213,2801
Iredell County,2020,42770,19425,1939,1310,304,2626
Iredell County,2025,49225,22183,1822,1289,413,2416
Iredell County,2030,54605,24482,1725,1272,504,2241
Iredell County,2035,59985,26781,1628,1255,595,2066
Iredell County,2040,65368,29081,1531,1238,686,1890
Jackson County,1990,3506,23,2712,2811,4,627
Jackson County,2000,5846,150,2882,1173,22,3118
Jackson County,2010,8469,480,2017,1280,38,3582
Jackson County,2015,9753,319,1300,1681,10,2893
Jackson County,2020,10866,418,845,1151,51,3677
Jackson County,2025,12201,539,299,515,45,4388
Jackson County,2030,13314,607,-155,-14,51,4811
Jackson County,2035,14427,676,-610,-544,56,5235
Jackson County,2040,15541,745,-1066,-1075,62,5658
Johnston County,1990,12680,1029,6111,2269,94,9383
Johnston County,2000,25989,3641,2182,645,106,14032
Johnston County,2010,41623,4898,957,547,165,10903
Johnston County,2015,46263,5733,579,900,268,8207
Johnston County,2020,55010,7204,500,761,471,7386
Johnston County,2025,65505,8969,405,229,714,6400
Johnston County,2030,74252,10440,326,20,917,5579
Johnston County,2035,82999,11911,247,-187,1120,4758
Johnston County,2040,91751,13382,168,-396,1323,3937
Jones County,1990,1192,29,934,514,9,814
Jones County,2000,2099,37,482,97,8,1338
Jones County,2010,2536,65,297,159,34,995
Jones County,2015,2934,117,141,45,14,885
Jones County,2020,3094,206,48,55,39,627
Jones County,2025,3285,312,-63,-82,37,317
Jones County,2030,3445,401,-156,-150,41,59
Jones County,2035,3605,490,-249,-217,46,-198
Jones County,2040,3766,579,-342,-285,50,-456
Lee County,1990,6912,3190,2220,1052,30,2285
Lee County,2000,10502,3730,991,378,45,2820
Lee County,2010,14194,3311,762,272,58,2389
Lee County,2015,15732,3009,301,339,89,1736
Lee County,2020,16794,3022,207,198,71,1998
Lee County,2025,18068,3037,94,28,90,2312
Lee County,2030,19130,3050,0,-112,99,2574
Lee County,2035,20192,3063,-93,-253,107,2836
Lee County,2040,21254,3076,-187,-394,116,3098
Lenoir County,1990,7648,3969,5182,1147,34,3958
Lenoir County,2000,11673,5088,1518,254,55,5274
Lenoir County,2010,14699,4453,819,234,90,3847
Lenoir County,2015,14305,4184,667,231,130,3818
Lenoir County,2020,16197,3834,217,77,147,3022
Lenoir County,2025,18467,3414,-322,-107,167,2066
Lenoir County,2030,20359,3064,-772,-261,184,1270
Lenoir County,2035,22251,2714,-1222,-415,201,474
Lenoir County,2040,24144,2363,-1673,-569,218,-321
Lincoln County,1990,8831,1904,4692,2334,43,960
Lincoln County,2000,14795,2893,3346,808,97,2102
Lincoln County,2010,19658,4681,1786,1115,103,2064
Lincoln County,2015,22144,4415,1122,875,238,1294
Lincoln County,2020,24732,5377,1023,598,158,1733
Lincoln County,2025,27837,5849,904,265,221,1894
Lincoln County,2030,30425,6334,805,-11,245,1963
Lincoln County,2035,33013,6819,706,-288,270,2033
Lincoln County,2040,35602,7304,607,-565,295,2102
Macon County,1990,3227,42,2683,2776,24,1082
Macon County,2000,5268,133,2371,1128,8,3920
Macon County,2010,8116,758,1232,1270,43,4361
Macon County,2015,8476,489,1031,1530,66,3944
Macon County,2020,9533,559,676,1369,101,3824
Macon County,2025,10801,782,250,1175,142,3679
Macon County,2030,11858,883,-104,1014,177,3559
Macon County,2035,12915,985,-459,853,212,3439
Macon County,2040,13972,1086,-815,692,248,3319
Madison County,1990,959,10,3500,1868,2,149
Madison County,2000,1477,43,4876,844,2,758
Madison County,2010,2137,139,3229,1261,8,1228
Madison County,2015,3055,217,2173,1731,8,1266
Madison County,2020,3433,230,1860,1506,11,1333
Madison County,2025,3886,245,1484,1426,13,1413
Madison County,2030,4264,258,1171,1422,15,1480
Madison County,2035,4642,271,858,1418,17,1547
Madison County,2040,5020,284,545,1415,19,1614
Martin County,1990,2782,50,3046,1426,2,2011
Martin County,2000,3763,332,1387,412,19,4107
Martin County,2010,4313,340,961,257,0,4083
Martin County,2015,5266,416,366,308,25,2888
Martin County,2020,5897,403,498,183,114,2527
Martin County,2025,6654,440,656,33,81,3302
Martin County,2030,7285,464,788,-91,94,3349
Martin County,2035,7916,487,920,-216,107,3395
Martin County,2040,8547,511,1052,-342,120,3442
McDowell County,1990,4585,16,6243,2531,5,300
McDowell County,2000,6613,152,7120,1040,114,1565
McDowell County,2010,9265,500,4875,1297,35,1588
McDowell County,2015,11033,297,2949,1313,116,1615
McDowell County,2020,12634,369,1914,1255,118,1985
McDowell County,2025,14555,506,672,1185,132,2428
McDowell County,2030,16156,569,-362,1127,146,2798
McDowell County,2035,17757,632,-1397,1069,161,3168
McDowell County,2040,19358,695,-2433,1011,175,3539
Mecklenburg County,1990,94102,79454,19204,3550,306,3603
Mecklenburg County,2000,118653,142812,6568,967,407,4009
Mecklenburg County,2010,150499,189654,3781,1162,654,4642
Mecklenburg County,2015,179130,191560,2222,1705,860,4309
Mecklenburg County,2020,208684,204870,1285,1084,1080,4947
Mecklenburg County,2025,244145,220840,160,1348,1343,5712
Mecklenburg County,2030,273699,234150,-776,1379,1563,6350
Mecklenburg County,2035,303253,247460,-1713,1410,1783,6988
Mecklenburg County,2040,332824,260777,-2650,1441,2004,7626
Mitchell County,1990,753,7,3590,1319,0,110
Mitchell County,2000,1016,30,4380,538,2,585
Mitchell County,2010,1753,224,3140,700,32,963
Mitchell County,2015,2186,231,2108,1216,41,562
Mitchell County,2020,2428,293,2062,763,15,841
Mitchell County,2025,2718,367,2006,762,37,1016
Mitchell County,2030,2960,429,1960,724,42,1122
Mitchell County,2035,3202,491,1914,687,48,1228
Mitchell County,2040,3444,553,1868,649,53,1335
Montgomery County,1990,2253,107,3205,1605,2,1118
Montgomery County,2000,4231,242,2275,595,36,2469
Montgomery County,2010,5619,236,1645,499,23,1831
Montgomery County,2015,7114,478,801,690,36,1469
Montgomery County,2020,7546,241,841,464,105,1068
Montgomery County,2025,8064,396,889,192,87,1422
Montgomery County,2030,8496,432,929,-33,99,1378
Montgomery County,2035,8928,468,969,-259,112,1333
Montgomery County,2040,9360,503,1009,-485,124,1289
Moore County,1990,11913,1628,5404,1993,28,2861
Moore County,2000,19937,2028,3002,805,85,4856
Moore County,2010,25570,2217,1439,1101,150,3553
Moore County,2015,29642,1964,1053,855,106,3523
Moore County,2020,32625,2473,1168,657,250,3402
Moore County,2025,36204,3083,1305,419,237,3256
Moore County,2030,39187,3592,1420,221,267,3135
Moore County,2035,42170,4101,1535,23,297,3014
Moore County,2040,45154,4611,1651,-174,327,2893
Nash County,1990,11035,5578,4092,2744,49,5543
Nash County,2000,14107,8481,1650,886,59,8461
Nash County,2010,20061,8839,792,436,108,7526
Nash County,2015,21737,7636,581,609,88,6060
Nash County,2020,23451,7553,157,348,123,5739
Nash County,2025,25507,7453,-351,34,130,5353
Nash County,2030,27221,7370,-775,-226,142,5032
Nash County,2035,28935,7287,-1199,-487,154,4711
Nash County,2040,30650,7204,-1624,-748,166,4390
New Hanover County,1990,31546,6587,6366,1050,127,2463
New Hanover County,2000,53915,8147,2641,368,251,2861
New Hanover County,2010,72031,7097,1390,394,255,2512
New Hanover County,2015,79078,6297,586,311,365,1766
New Hanover County,2020,86482,8012,656,428,508,1912
New Hanover County,2025,95366,7354,739,568,679,1527
New Hanover County,2030,102770,7373,809,685,822,1283
New Hanover County,2035,110174,7392,879,802,965,1039
New Hanover County,2040,117582,7412,950,919,1108,795
Northampton County,1990,1904,164,2703,1380,13,1427
Northampton County,2000,3551,168,1822,405,8,2737
Northampton County,2010,3843,134,1294,444,0,2662
Northampton County,2015,5077,185,661,324,28,2355
Northampton County,2020,5313,284,422,201,9,2195
Northampton County,2025,5596,402,135,53,13,2003
Northampton County,2030,5832,501,-103,-69,14,1843
Northampton County,2035,6068,600,-342,-192,14,1683
Northampton County,2040,6304,699,-581,-315,15,1522
Onslow County,1990,28738,262,5664,1883,184,3927
Onslow County,2000,40434,362,2080,531,194,4521
Onslow County,2010,50280,1074,997,471,242,3569
Onslow County,2015,56734,1524,594,534,453,2346
Onslow County,2020,61522,1739,389,341,455,1685
Onslow County,2025,67267,1996,143,109,495,891
Onslow County,2030,72055,2211,-61,-83,544,230
Onslow County,2035,76843,2426,-266,-276,594,-430
Onslow County,2040,81633,2642,-472,-469,644,-1091
Orange County,1990,17400,9826,3667,1869,32,3310
Orange County,2000,21758,15295,1521,1245,184,5860
Orange County,2010,25916,16615,1102,1513,104,4835
Orange County,2015,28834,16875,516,1278,155,4222
Orange County,2020,29966,17322,465,1216,268,3985
Orange County,2025,31324,17858,403,1141,253,3700
Orange County,2030,32456,18305,352,1079,280,3463
Orange County,2035,33588,18752,301,1017,308,3226
Orange County,2040,34720,19199,250,955,336,2989
Pamlico County,1990,1831,19,1221,458,12,982
Pamlico County,2000,2931,74,500,117,26,1530
Pamlico County,2010,3471,164,137,141,53,1497
Pamlico County,2015,4039,57,159,105,20,857
Pamlico County,2020,4237,76,40,127,8,1018
Pamlico County,2025,4474,113,-102,153,25,1085
Pamlico County,2030,4672,123,-221,175,25,1061
Pamlico County,2035,4870,132,-340,197,25,1037
Pamlico County,2040,5068,142,-459,219,26,1013
Pasquotank County,1990,5112,32,4380,678,52,1130
Pasquotank County,2000,6992,169,2592,251,67,2836
Pasquotank County,2010,9811,569,1350,197,27,2609
Pasquotank County,2015,10655,739,816,210,89,1939
Pasquotank County,2020,11384,582,490,125,198,2006
Pasquotank County,2025,12258,858,98,23,152,2445
Pasquotank County,2030,12987,974,-227,-61,169,2535
Pasquotank County,2035,13716,1090,-553,-146,187,2625
Pasquotank County,2040,14446,1206,-879,-232,204,2715
Pender County,1990,5847,96,2056,1105,27,1981
Pender County,2000,11785,123,743,346,70,2987
Pender County,2010,15547,234,318,375,89,3646
Pender County,2015,16829,370,268,316,62,2285
Pender County,2020,19710,479,436,277,151,1759
Pender County,2025,23166,609,637,230,137,2450
Pender County,2030,26047,718,805,191,153,2429
Pender County,2035,28928,827,973,152,168,2407
Pender County,2040,31811,936,1141,113,183,2386
Perquimans County,1990,1327,70,1382,512,16,681
Perquimans County,2000,1921,111,802,210,27,1574
Perquimans County,2010,2894,196,462,129,13,1659
Perquimans County,2015,3948,188,162,110,48,1044
Perquimans County,2020,4084,400,109,84,17,1192
Perquimans County,2025,4247,367,45,52,30,1435
Perquimans County,2030,4383,413,-7,26,31,1489
Perquimans County,2035,4519,459,-60,0,33,1543
Perquimans County,2040,4655,504,-113,-25,34,1597
Person County,1990,2802,1937,2753,1917,6,2008
Person County,2000,5394,2716,1577,729,21,3648
Person County,2010,7549,2501,1028,738,71,3501
Person County,2015,9087,2350,657,851,28,2410
Person County,2020,10067,2680,296,462,1,2647
Person County,2025,11242,3075,-137,-4,32,2163
Person County,2030,12222,3405,-498,-393,33,1849
Person County,2035,13202,3735,-859,-782,35,1536
Person County,2040,14183,4066,-1220,-1171,37,1222
Pitt County,1990,20322,5527,7717,1667,46,5212
Pitt County,2000,30475,11320,2107,480,164,7993
Pitt County,2010,42575,13053,1143,500,142,6592
Pitt County,2015,51484,10117,542,381,240,4738
Pitt County,2020,56493,9380,318,161,367,3964
Pitt County,2025,62503,8495,49,-102,519,4542
Pitt County,2030,67512,7758,-174,-322,646,4238
Pitt County,2035,72521,7021,-398,-542,773,3934
Pitt County,2040,77532,6284,-622,-763,900,3629
Polk County,1990,2138,465,1924,1022,14,547
Polk County,2000,3764,778,1641,444,12,1269
Polk County,2010,4854,677,897,834,3,1773
Polk County,2015,5433,694,666,660,14,1234
Polk County,2020,5771,680,508,807,27,1459
Polk County,2025,6176,663,318,848,18,1351
Polk County,2030,6514,649,160,898,20,1285
Polk County,2035,6852,635,2,948,21,1219
Polk County,2040,7190,621,-155,998,22,1153
Randolph County,1990,15844,4427,11886,5527,66,3346
Randolph County,2000,24797,8358,7304,1939,152,8109
Randolph County,2010,32177,9010,4218,2156,145,7219
Randolph County,2015,35039,8632,2653,2466,271,5446
Randolph County,2020,38202,8836,2798,1592,386,4976
Randolph County,2025,41997,9080,2972,543,523,6353
Randolph County,2030,45160,9284,3117,-330,638,6494
Randolph County,2035,48323,9488,3262,-1204,753,6635
Randolph County,2040,51487,9692,3407,-2079,869,6776
Richmond County,1990,5994,2774,4467,1450,30,2078
Richmond County,2000,7840,3688,1978,386,72,3909
Richmond County,2010,9556,3233,998,565,17,2859
Richmond County,2015,11167,3025,675,483,62,3049
Richmond County,2020,12446,2725,597,286,81,2066
Richmond County,2025,13980,2365,503,43,71,886
Richmond County,2030,15259,2065,425,-111,76,-96
Richmond County,2035,16538,1765,347,-267,81,-1079
Richmond County,2040,17818,1464,269,-422,86,-2062
Robeson County,1990,13336,5083,6420,3384,101,7830
Robeson County,2000,22052,6470,2502,1122,118,11413
Robeson County,2010,27998,5021,1094,1286,198,8907
Robeson County,2015,32855,4738,810,1155,221,5994
Robeson County,2020,34921,3681,601,847,179,5652
Robeson County,2025,37399,2412,350,477,128,5833
Robeson County,2030,39465,1355,141,169,86,5273
Robeson County,2035,41531,298,-67,-138,44,4713
Robeson County,2040,43599,-758,-276,-446,2,4153
Rockingham County,1990,11554,8346,8047,3466,60,1973
Rockingham County,2000,15884,10687,5151,1517,66,3684
Rockingham County,2010,20041,9902,3287,1707,104,2790
Rockingham County,2015,21881,9346,2236,1659,97,2364
Rockingham County,2020,23904,9152,1548,1107,348,2473
Rockingham County,2025,26331,8919,722,444,269,2603
Rockingham County,2030,28354,8725,34,-107,305,2712
Rockingham County,2035,30377,8531,-653,-659,340,2821
Rockingham County,2040,32401,8337,-1341,-1211,376,2930
Rowan County,1990,15845,10050,12208,2971,99,1339
Rowan County,2000,24173,14687,7175,1109,163,2633
Rowan County,2010,30940,13931,4012,1584,138,2272
Rowan County,2015,31982,14190,1968,1417,172,1883
Rowan County,2020,36351,13050,1388,1237,310,1801
Rowan County,2025,41593,11682,692,1021,274,2119
Rowan County,2030,45962,10542,112,841,300,2154
Rowan County,2035,50331,9402,-467,661,326,2190
Rowan County,2040,54702,8261,-1048,480,352,2225
Rutherford County,1990,7632,2052,7631,3404,75,1404
Rutherford County,2000,12167,2974,5626,1037,101,3286
Rutherford County,2010,16602,2462,3194,1411,123,3666
Rutherford County,2015,17406,2669,1736,1464,188,2963
Rutherford County,2020,19989,2042,1564,1035,151,2744
Rutherford County,2025,23088,1289,1357,520,188,3580
Rutherford County,2030,25671,662,1185,91,204,3783
Rutherford County,2035,28254,35,1013,-337,220,3985
Rutherford County,2040,30838,-591,841,-767,236,4187
Sampson County,1990,5601,1215,4718,1628,42,4322
Sampson County,2000,10751,1597,2020,390,58,7457
Sampson County,2010,14383,1538,858,262,49,6691
Sampson County,2015,15910,1335,728,343,135,4829
Sampson County,2020,17338,1118,263,171,86,4186
Sampson County,2025,19051,857,-294,-35,114,3414
Sampson County,2030,20479,640,-759,-207,124,2771
Sampson County,2035,21907,423,-1224,-379,135,2128
Sampson County,2040,23336,206,-1690,-551,145,1485
Scotland County,1990,5255,2063,2055,663,13,1788
Scotland County,2000,7322,2298,1040,219,75,2445
Scotland County,2010,8470,1943,393,222,50,2158
Scotland County,2015,9005,1823,395,207,25,1541
Scotland County,2020,9828,1228,112,225,81,1477
Scotland County,2025,10815,514,-227,246,70,1400
Scotland County,2030,11638,-80,-510,264,75,1336
Scotland County,2035,12461,-675,-793,282,81,1272
Scotland County,2040,13284,-1271,-1076,300,87,1208
Stanly County,1990,5816,1853,8498,2056,13,1511
Stanly County,2000,8452,2411,6172,610,91,4487
Stanly County,2010,12144,2085,3669,879,89,3268
Stanly County,2015,14593,2059,2486,1067,125,3337
Stanly County,2020,17252,1615,1847,484,103,2548
Stanly County,2025,20442,1082,1080,308,126,3441
Stanly County,2030,23101,638,441,121,135,3549
Stanly County,2035,25760,194,-197,-65,143,3657
Stanly County,2040,28420,-250,-837,-252,152,3766
Stokes County,1990,5769,67,5105,2527,26,629
Stokes County,2000,9842,296,3976,1223,65,2177
Stokes County,2010,12124,372,2904,1440,122,1797
Stokes County,2015,13236,928,1771,1340,43,1650
Stokes County,2020,14699,717,1844,882,204,1262
Stokes County,2025,16454,955,1931,332,172,1799
Stokes County,2030,17917,1081,2004,-125,193,1877
Stokes County,2035,19380,1207,2077,-583,215,1955
Stokes County,2040,20844,1333,2150,-1041,236,2033
Surry County,1990,8774,21,10863,3432,35,1127
Surry County,2000,13160,163,10205,1247,132,3501
Surry County,2010,17331,920,6723,1247,128,3319
Surry County,2015,19494,790,4484,1452,290,2757
Surry County,2020,20694,760,3338,1404,563,2242
Surry County,2025,22133,1101,1962,1346,890,3161
Surry County,2030,23333,1251,816,1298,1163,3312
Surry County,2035,24533,1402,-329,1250,1436,3463
Surry County,2040,25734,1552,-1475,1202,1709,3614
Swain County,1990,1076,23,1338,1519,2,215
Swain County,2000,1754,59,1421,647,22,1234
Swain County,2010,2691,178,780,747,0,1376
Swain County,2015,2689,137,538,662,8,1345
Swain County,2020,3791,53,314,470,21,1092
Swain County,2025,5113,139,45,239,15,1601
Swain County,2030,6215,152,-178,47,16,1745
Swain County,2035,7317,165,-402,-144,17,1890
Swain County,2040,8419,178,-626,-336,19,2034
Transylvania County,1990,3370,1376,2725,1839,9,605
Transylvania County,2000,4964,2209,2125,661,19,2342
Transylvania County,2010,6401,2496,1734,1082,29,2105
Transylvania County,2015,7946,2014,1183,840,35,1649
Transylvania County,2020,9127,1918,824,1039,128,1612
Transylvania County,2025,10544,1802,393,688,101,2113
Transylvania County,2030,11725,1706,34,582,116,2232
Transylvania County,2035,12906,1610,-324,475,131,2351
Transylvania County,2040,14087,1514,-683,369,146,2470
Tyrrell County,1990,405,6,395,237,6,422
Tyrrell County,2000,522,25,237,90,11,652
Tyrrell County,2010,721,63,101,76,0,702
Tyrrell County,2015,919,30,35,87,6,374
Tyrrell County,2020,1087,24,87,30,0,424
Tyrrell County,2025,1288,44,149,-5,0,478
Tyrrell County,2030,1456,48,201,-34,0,469
Tyrrell County,2035,1624,52,253,-62,-1,459
Tyrrell County,2040,1792,56,305,-91,-3,450
Union County,1990,14281,2553,6438,3133,78,2824
Union County,2000,19679,12680,3002,813,96,7120
Union County,2010,28136,27801,1412,858,84,7344
Union County,2015,31297,31162,848,1505,160,5739
Union County,2020,34939,34706,556,1040,233,6317
Union County,2025,39309,38958,205,463,320,7574
Union County,2030,42951,42502,-86,199,393,8023
Union County,2035,46593,46046,-378,-64,466,8472
Union County,2040,50237,49592,-670,-329,539,8922
Vance County,1990,4693,2442,4068,1573,29,1361
Vance County,2000,7779,3443,2255,572,14,2136
Vance County,2010,9439,2808,1473,695,8,2050
Vance County,2015,11092,2391,1045,384,45,1632
Vance County,2020,11721,2110,819,563,129,1553
Vance County,2025,12475,1772,547,445,92,1458
Vance County,2030,13104,1491,321,405,105,1379
Vance County,2035,13733,1210,95,365,118,1300
Vance County,2040,14363,929,-130,325,130,1221
Wake County,1990,81529,57267,12070,4011,170,10696
Wake County,2000,117273,100902,4265,1436,478,17686
Wake County,2010,164052,140340,2526,1286,694,16588
Wake County,2015,191726,154576,2078,1232,674,14383
Wake County,2020,220257,175303,977,1351,1318,11346
Wake County,2025,254491,200173,-344,1493,1267,7701
Wake County,2030,283022,220900,-1445,1612,1425,4664
Wake County,2035,311553,241627,-2546,1731,1583,1627
Wake County,2040,340099,262365,-3647,1850,1741,-1410
Warren County,1990,1318,94,2066,1682,26,1119
Warren County,2000,3404,93,1576,516,11,2108
Warren County,2010,3858,315,963,624,24,2051
Warren County,2015,4963,552,592,398,8,1304
Warren County,2020,5391,505,580,259,28,1359
Warren County,2025,5904,628,565,92,18,1604
Warren County,2030,6332,711,553,-46,18,1609
Warren County,2035,6760,795,541,-185,18,1613
Warren County,2040,7188,878,529,-324,18,1617
Washington County,1990,1541,58,1667,679,22,1085
Washington County,2000,1992,109,773,210,37,2246
Washington County,2010,2006,289,577,211,0,1828
Washington County,2015,2827,139,482,126,26,1616
Washington County,2020,3341,158,221,102,0,1415
Washington County,2025,3957,225,-92,73,3,1173
Washington County,2030,4471,245,-353,49,0,972
Washington County,2035,4985,264,-614,25,-4,771
Washington County,2040,5500,284,-875,1,-7,570
Watauga County,1990,4913,27,5311,2784,0,658
Watauga County,2000,5784,176,6990,993,70,2527
Watauga County,2010,10014,649,5612,1456,29,3393
Watauga County,2015,10354,689,3905,1549,93,3406
Watauga County,2020,10846,871,3718,1631,61,4326
Watauga County,2025,11436,1089,3493,1729,87,5429
Watauga County,2030,11928,1271,3306,1811,97,6349
Watauga County,2035,12420,1453,3119,1893,107,7269
Watauga County,2040,12912,1635,2932,1975,116,8190
Wayne County,1990,17144,3865,7333,1525,39,6983
Wayne County,2000,23936,5114,2706,312,122,10422
Wayne County,2010,31733,4647,1111,376,191,8222
Wayne County,2015,35501,3575,558,267,236,7393
Wayne County,2020,38014,3388,226,196,133,6241
Wayne County,2025,41029,3163,-172,110,231,4858
Wayne County,2030,43542,2976,-504,39,254,3706
Wayne County,2035,46055,2789,-836,-31,277,2554
Wayne County,2040,48569,2602,-1168,-102,300,1402
Wilkes County,1990,7875,51,9396,4161,17,1521
Wilkes County,2000,12082,159,8419,1437,60,4493
Wilkes County,2010,15623,596,5362,1806,228,4199
Wilkes County,2015,18119,945,3578,1829,255,2696
Wilkes County,2020,20146,567,2823,1832,228,3306
Wilkes County,2025,22578,945,1917,1835,320,3894
Wilkes County,2030,24605,1072,1162,1838,363,4065
Wilkes County,2035,26632,1198,407,1841,406,4236
Wilkes County,2040,28660,1325,-348,1844,449,4408
Wilson County,1990,8376,7318,4189,1730,29,3451
Wilson County,2000,11263,10610,1706,382,74,4578
Wilson County,2010,15042,11155,819,503,177,3981
Wilson County,2015,17184,10134,472,537,35,3641
Wilson County,2020,18106,10259,211,194,178,3020
Wilson County,2025,19212,10408,-102,-107,167,2274
Wilson County,2030,20134,10533,-363,-311,185,1653
Wilson County,2035,21056,10658,-624,-515,203,1032
Wilson County,2040,21978,10784,-885,-720,221,411
Yadkin County,1990,4837,13,5111,1722,11,374
Yadkin County,2000,7606,58,4412,699,72,1658
Yadkin County,2010,9407,205,3105,913,75,1203
Yadkin County,2015,10955,324,1965,921,111,1093
Yadkin County,2020,11765,472,1558,580,131,741
Yadkin County,2025,12736,649,1069,170,154,1146
Yadkin County,2030,13546,797,662,-170,174,1181
Yadkin County,2035,14356,945,255,-511,194,1216
Yadkin County,2040,15167,1093,-151,-852,215,1251
Yancey County,1990,487,11,3819,1652,2,153
Yancey County,2000,643,24,5441,769,0,595
Yancey County,2010,1261,105,3919,1358,12,836
Yancey County,2015,1904,169,2772,1537,5,1029
Yancey County,2020,2327,365,2307,1183,16,1268
Yancey County,2025,2834,600,1749,1243,15,1554
Yancey County,2030,3257,796,1284,1228,17,1793
Yancey County,2035,3680,992,819,1213,19,2032
Yancey County,2040,4103,1188,353,1198,21,2271
