Area Name,geo_shape,geo_point_2d
Alamance County,"{""coordinates"": [[[-79.2588222015, 36.1725219447], [-79.2595890582, 36.1338604809], [-79.2593617371, 36.1339468551], [-79.2590812715, 36.1336379514], [-79.2592124492, 36.1335096393], [-79.2592119589, 36.1333573224], [-79.2592503724, 36.1331403423], [-79.2","36.043717401, -79.3994269708"
Alexander County,"{""coordinates"": [[[-81.1095103706, 35.7766004981], [-81.1097325721, 35.7768329282], [-81.1099547737, 35.7770653578], [-81.1101769778, 35.7772977879], [-81.110399183, 35.7775302167], [-81.1106213896, 35.7777626451], [-81.1108435975, 35.777995073], [-81.111","35.9211091832, -81.1770354241"
Alleghany County,"{""coordinates"": [[[-81.2536524255, 36.3666023343], [-81.2532476716, 36.3668734155], [-81.25295175, 36.3671008079], [-81.2526558267, 36.3673281978], [-81.2525606965, 36.3674133201], [-81.2524968966, 36.3675226545], [-81.2524569584, 36.3676878847], [-81.252","36.4912737734, -81.1278545173"
Anson County,"{""coordinates"": [[[-80.276831945, 35.1957285696], [-80.2766184154, 35.1957752511], [-80.2764189681, 35.1958416447], [-80.2761351523, 35.1959217879], [-80.2759387053, 35.1959804345], [-80.2757335762, 35.1960639927], [-80.2755689132, 35.1961658633], [-80.27","34.9737936001, -80.1027134771"
Ashe County,"{""coordinates"": [[[-81.4775197692, 36.2402571025], [-81.4863223624, 36.2412629248], [-81.5027544214, 36.2502708654], [-81.5151359309, 36.2569015005], [-81.5216882362, 36.2553361], [-81.5326115209, 36.2657117977], [-81.5467752814, 36.2722361602], [-81.5523","36.43443169, -81.5005239597"
Avery County,"{""coordinates"": [[[-81.9819575312, 35.9113684164], [-81.9822262559, 35.9115395887], [-81.9824949805, 35.9117107605], [-81.9827637074, 35.9118819307], [-81.9830324355, 35.9120531012], [-81.9833011647, 35.9122242711], [-81.983569895, 35.9123954404], [-81.98","36.0766118579, -81.9226055333"
Beaufort County,"{""coordinates"": [[[-77.1740027785, 35.7328383445], [-77.1737815358, 35.7331128296], [-77.1735602905, 35.7333873143], [-77.1734050663, 35.7336481667], [-77.1732498399, 35.7339090198], [-77.1730012919, 35.7343341814], [-77.1728484435, 35.7346218733], [-77.1","35.4868825824, -76.8450533535"
Bertie County,"{""coordinates"": [[[-76.7605997989, 35.8648945452], [-76.7610848129, 35.8648308006], [-76.7615698252, 35.8647670523], [-76.7619016956, 35.8646754427], [-76.7622335653, 35.8645838313], [-76.7627009554, 35.8645530961], [-76.7631683452, 35.8645223582], [-76.7","36.0656374786, -76.9667144049"
Bladen County,"{""coordinates"": [[[-78.2545560352, 34.5534574179], [-78.2546834706, 34.5531982642], [-78.2547988294, 34.5530448472], [-78.2549464697, 34.5529153921], [-78.2551990467, 34.5526580102], [-78.2555426907, 34.5522466267], [-78.255733613, 34.5520361713], [-78.25","34.6145936408, -78.5636507796"
Brunswick County,"{""coordinates"": [[[-78.0296178556, 34.3317983497], [-78.0292705038, 34.3316485333], [-78.0289231511, 34.3314987167], [-78.0285757997, 34.331348899], [-78.0282284495, 34.3311990813], [-78.027960543, 34.3310345063], [-78.0276926365, 34.3308699298], [-78.027","34.0708624161, -78.2373986318"
Buncombe County,"{""coordinates"": [[[-82.2657984986, 35.46782509], [-82.266067286, 35.4679569259], [-82.2663649164, 35.4681000034], [-82.2666625479, 35.4682430802], [-82.2669601803, 35.4683861562], [-82.2673072279, 35.4685528934], [-82.2676542769, 35.4687196305], [-82.2680","35.6112159978, -82.5301103386"
Burke County,"{""coordinates"": [[[-81.5376032911, 35.5642350725], [-81.5380196976, 35.5642623356], [-81.5384361033, 35.5642895965], [-81.5388525104, 35.5643168567], [-81.5392689178, 35.5643441147], [-81.5397174236, 35.5643679319], [-81.5401659296, 35.5643917465], [-81.5","35.749617373, -81.7047679621"
Cabarrus County,"{""coordinates"": [[[-80.5503588655, 35.2084113769], [-80.5506382859, 35.2085805306], [-80.5509177086, 35.2087496827], [-80.5511971303, 35.208918836], [-80.5514765542, 35.2090879877], [-80.5517559793, 35.2092571388], [-80.5520354066, 35.2094262892], [-80.55","35.3868013981, -80.5518497115"
Caldwell County,"{""coordinates"": [[[-81.3637949671, 35.7678081632], [-81.3642600685, 35.7679014062], [-81.3647932706, 35.7679509641], [-81.3651866022, 35.7679488228], [-81.3655799316, 35.7679466802], [-81.3659732621, 35.7679445372], [-81.3665060704, 35.7679116509], [-81.3","35.9530520608, -81.546436713"
Camden County,"{""coordinates"": [[[-75.9062926639, 36.0858797275], [-75.9066323707, 36.0858957943], [-75.9069720788, 36.0859118602], [-75.907311787, 36.0859279252], [-75.9076514954, 36.0859439892], [-75.9079912027, 36.0859600532], [-75.9083309113, 36.0859761153], [-75.90","36.3411248622, -76.1609453107"
Carteret County,"{""coordinates"": [[[-76.0190460605, 35.0653993465], [-76.019321386, 35.0652352872], [-76.0195967092, 35.0650712272], [-76.0198720325, 35.0649071666], [-76.0201473536, 35.0647431054], [-76.0204226736, 35.0645790435], [-76.0206979935, 35.0644149819], [-76.02","34.8964664938, -76.5394151029"
Caswell County,"{""coordinates"": [[[-79.3646030701, 36.5413041634], [-79.3642530992, 36.5413018365], [-79.3639031273, 36.5412995086], [-79.3635531542, 36.5412971797], [-79.3632031823, 36.5412948499], [-79.3628532116, 36.541292519], [-79.3625069309, 36.541299485], [-79.362","36.3932804622, -79.3335258212"
Catawba County,"{""coordinates"": [[[-81.1095103706, 35.7766004981], [-81.109250196, 35.7763299325], [-81.108990023, 35.7760593664], [-81.1087519688, 35.7758394461], [-81.108513917, 35.7756195254], [-81.1082918391, 35.775399765], [-81.1080697625, 35.7751800051], [-81.10784","35.6621185234, -81.2150501092"
Chatham County,"{""coordinates"": [[[-79.0163037875, 35.8632173659], [-79.0159657097, 35.8632324789], [-79.015627634, 35.8632475873], [-79.015289556, 35.8632626948], [-79.01495148, 35.8632778004], [-79.0146134017, 35.8632929051], [-79.0142753244, 35.8633080098], [-79.01393","35.7025787073, -79.2552775344"
Cherokee County,"{""coordinates"": [[[-83.8642489107, 35.1199009906], [-83.8642876284, 35.1198799407], [-83.8646418821, 35.119687339], [-83.8649961364, 35.119494737], [-83.8653503889, 35.1193021322], [-83.865661783, 35.1190784212], [-83.8658754907, 35.1188534336], [-83.8661","35.1338637481, -84.063447645"
Chowan County,"{""coordinates"": [[[-76.6062164111, 35.9780586736], [-76.6065175406, 35.9781968922], [-76.606818671, 35.9783351101], [-76.6071198036, 35.9784733272], [-76.6074209362, 35.9786115435], [-76.6077220697, 35.9787497592], [-76.6080232043, 35.978887974], [-76.608","36.1265632669, -76.6021335342"
Clay County,"{""coordinates"": [[[-83.8642489107, 35.1199009906], [-83.8638663073, 35.1201845526], [-83.8636554116, 35.120427504], [-83.863523133, 35.1207226735], [-83.8634363445, 35.1210636365], [-83.8633486177, 35.1214406901], [-83.8633710448, 35.1215483214], [-83.863","35.0571870568, -83.7501787087"
Cleveland County,"{""coordinates"": [[[-81.5376032911, 35.5642350725], [-81.5373467588, 35.5641993981], [-81.5370186489, 35.5641233679], [-81.5366969304, 35.5640360196], [-81.5363752126, 35.5639486704], [-81.5360534956, 35.5638613203], [-81.5357317802, 35.5637739694], [-81.5","35.334091524, -81.5555404139"
Columbus County,"{""coordinates"": [[[-78.2560874688, 34.3994762298], [-78.255891588, 34.3992489465], [-78.2556957106, 34.399021663], [-78.2555529952, 34.398752342], [-78.2554102796, 34.39848302], [-78.2552675661, 34.3982136978], [-78.2551215366, 34.3979415872], [-78.254975","34.2656554917, -78.6550102986"
Craven County,"{""coordinates"": [[[-77.0782657083, 34.8113289284], [-77.0779178483, 34.8115646399], [-77.0778977977, 34.8116621652], [-77.077857861, 34.8117626171], [-77.0778238362, 34.8118730908], [-77.0777678364, 34.8119590496], [-77.0775314798, 34.8121311718], [-77.07","35.1177374689, -77.0820733108"
Cumberland County,"{""coordinates"": [[[-78.9020005637, 34.8352744102], [-78.9023709054, 34.8352067687], [-78.9027412476, 34.835139126], [-78.9031115881, 34.8350714812], [-78.9034819291, 34.8350038363], [-78.9038522684, 34.8349361892], [-78.9042226081, 34.834868542], [-78.904","35.0487248958, -78.827378515"
Currituck County,"{""coordinates"": [[[-75.8400476915, 36.0288414581], [-75.840372029, 36.0289271971], [-75.8406963671, 36.029012936], [-75.841020706, 36.0290986733], [-75.8413450455, 36.0291844096], [-75.8416693846, 36.029270146], [-75.8419937256, 36.0293558806], [-75.84231","36.3625282423, -75.9635591145"
Dare County,"{""coordinates"": [[[-76.027480896, 35.6688563235], [-76.0273538375, 35.6691141891], [-76.0272267783, 35.6693720537], [-76.0270997183, 35.6696299181], [-76.0269726585, 35.6698877824], [-76.0268455968, 35.6701456475], [-76.0267185344, 35.6704035114], [-76.02","35.6699436654, -75.7197767748"
Davidson County,"{""coordinates"": [[[-80.182565506, 35.5041563948], [-80.1827694705, 35.5044191034], [-80.1829734365, 35.5046818126], [-80.1831774048, 35.5049445205], [-80.1833813733, 35.5052072271], [-80.1835853432, 35.5054699343], [-80.1837893144, 35.5057326421], [-80.18","35.7933624785, -80.2127520447"
Davie County,"{""coordinates"": [[[-80.4588870712, 35.7430384214], [-80.4591172338, 35.7433903558], [-80.4593473973, 35.7437422906], [-80.4594878194, 35.7439935864], [-80.4596282424, 35.7442448819], [-80.4597686651, 35.7444961773], [-80.4599090886, 35.7447474726], [-80.4","35.9291192854, -80.5444683977"
Duplin County,"{""coordinates"": [[[-78.0202475989, 35.1937489613], [-78.0198324051, 35.1934523994], [-78.0194315356, 35.1931062165], [-78.0192842203, 35.1929417993], [-78.0191034388, 35.1927768355], [-78.0189970004, 35.1927212961], [-78.0188030976, 35.1926447062], [-78.0","34.9365416866, -77.9330278371"
Durham County,"{""coordinates"": [[[-78.8023379746, 36.2358015936], [-78.8023382674, 36.2355226809], [-78.8023385603, 36.2352437681], [-78.8023388531, 36.2349648553], [-78.8023391459, 36.2346859425], [-78.8023394388, 36.2344070296], [-78.8023397316, 36.2341281167], [-78.8","36.0360358875, -78.8765943893"
Edgecombe County,"{""coordinates"": [[[-77.6651337757, 35.6749418308], [-77.6652981742, 35.6751818945], [-77.6654625726, 35.6754219569], [-77.665626973, 35.6756620192], [-77.6657913734, 35.6759020812], [-77.6659557746, 35.6761421438], [-77.666120178, 35.6763822054], [-77.666","35.9128864911, -77.5970648472"
Forsyth County,"{""coordinates"": [[[-80.0351222316, 36.2571913163], [-80.0351309533, 36.256885372], [-80.0351396749, 36.2565794277], [-80.0351483965, 36.2562734843], [-80.0351571181, 36.2559675408], [-80.0351658384, 36.2556615973], [-80.0351745598, 36.2553556528], [-80.03","36.1306256713, -80.2563011376"
Franklin County,"{""coordinates"": [[[-78.2559763626, 35.8181275536], [-78.2559222126, 35.8183279184], [-78.2558239132, 35.8186184981], [-78.2558815333, 35.8187104116], [-78.2559205013, 35.8188297684], [-78.255950241, 35.8189000296], [-78.2560911048, 35.8190018856], [-78.25","36.082780284, -78.2856984922"
Gaston County,"{""coordinates"": [[[-80.954863003, 35.4000849643], [-80.9548221192, 35.3999700723], [-80.9547476874, 35.3997996446], [-80.9547074808, 35.3996682592], [-80.9546324072, 35.399464851], [-80.9545439366, 35.3991960332], [-80.9544421116, 35.3988117683], [-80.954","35.2943621237, -81.1802460011"
Gates County,"{""coordinates"": [[[-76.6965777259, 36.2961884113], [-76.6967309869, 36.2964642569], [-76.6968842489, 36.2967401023], [-76.6970375121, 36.2970159474], [-76.6971907762, 36.2972917923], [-76.6973440415, 36.2975676361], [-76.6974973077, 36.2978434805], [-76.6","36.444950188, -76.7005227538"
Graham County,"{""coordinates"": [[[-83.7027794871, 35.2485226042], [-83.7028601188, 35.2485850466], [-83.7030601585, 35.2486896833], [-83.7035207185, 35.2488324472], [-83.7038234714, 35.248915805], [-83.7041919642, 35.2490265469], [-83.7043614654, 35.2491669741], [-83.70","35.3501791131, -83.8335863003"
Granville County,"{""coordinates"": [[[-78.5464169237, 36.0218328271], [-78.546742286, 36.021943622], [-78.5470676492, 36.0220544179], [-78.5473930121, 36.022165211], [-78.5477183782, 36.0222760042], [-78.548043744, 36.0223867957], [-78.5483691096, 36.0224975862], [-78.54869","36.3040779086, -78.6527216874"
Greene County,"{""coordinates"": [[[-77.806246979, 35.3687663568], [-77.8061217388, 35.3689955482], [-77.8060347611, 35.3691234671], [-77.8057667268, 35.3695447083], [-77.8055821612, 35.3698540913], [-77.8054954868, 35.3699995155], [-77.8054009435, 35.3701581422], [-77.80","35.4849890066, -77.6757798949"
Guilford County,"{""coordinates"": [[[-79.5324131824, 36.2414700689], [-79.5324265759, 36.2411932053], [-79.5324399693, 36.2409163409], [-79.5324533626, 36.2406394764], [-79.5324667547, 36.2403626119], [-79.5324801478, 36.2400857473], [-79.5324935397, 36.2398088827], [-79.5","36.0794801724, -79.7889034572"
Halifax County,"{""coordinates"": [[[-77.3275710121, 36.0713683154], [-77.3279930231, 36.0713097245], [-77.3284150345, 36.0712511332], [-77.3288370454, 36.0711925395], [-77.3293237846, 36.0710881638], [-77.3295494617, 36.0709903079], [-77.3296770217, 36.0708305515], [-77.3","36.2574543941, -77.6517344767"
Harnett County,"{""coordinates"": [[[-79.0962287267, 35.1919898756], [-79.0966368684, 35.1921513189], [-79.0968058113, 35.1922667332], [-79.0969325639, 35.1923821812], [-79.0969749274, 35.1925208041], [-79.0970736828, 35.1927576059], [-79.0972708991, 35.1929885464], [-79.0","35.3686380902, -78.8694099596"
Henderson County,"{""coordinates"": [[[-82.5748431619, 35.145456096], [-82.575210319, 35.1455953146], [-82.5755777012, 35.1457346282], [-82.575905559, 35.1458371646], [-82.5762334176, 35.1459397001], [-82.5765612781, 35.1460422347], [-82.5770128498, 35.1461578144], [-82.5774","35.3362627399, -82.4799657333"
Hertford County,"{""coordinates"": [[[-76.7065860168, 36.2438031632], [-76.7069287552, 36.2438034258], [-76.7072714936, 36.2438036883], [-76.7076142332, 36.243803949], [-76.7079569727, 36.2438042096], [-76.7082997111, 36.2438044683], [-76.7086424495, 36.243804727], [-76.708","36.3586422181, -76.9807172751"
Hoke County,"{""coordinates"": [[[-79.3478711159, 34.8385605556], [-79.3478093956, 34.8386481222], [-79.3477902785, 34.838731746], [-79.3478417162, 34.8389212172], [-79.347943624, 34.8390687623], [-79.3480764608, 34.8391615849], [-79.3482052756, 34.8392254916], [-79.348","35.0175368241, -79.2372965187"
Iredell County,"{""coordinates"": [[[-80.9481164751, 35.4911665892], [-80.9483527598, 35.4913663123], [-80.9485890446, 35.491566035], [-80.9488253397, 35.4917657733], [-80.9490616278, 35.491965495], [-80.9492979161, 35.4921652172], [-80.9495342066, 35.4923649388], [-80.949","35.8067012448, -80.8734969778"
Jackson County,"{""coordinates"": [[[-83.0085351561, 35.0274014475], [-83.0189041167, 35.0247069218], [-83.0563508566, 35.0149670428], [-83.1085717239, 35.001361189], [-83.1087929909, 35.0016157311], [-83.1090141758, 35.0018703136], [-83.1092353643, 35.0021248964], [-83.10","35.2875944925, -83.1408539947"
Johnston County,"{""coordinates"": [[[-78.5383490863, 35.3164266835], [-78.5381798809, 35.3168071074], [-78.538010674, 35.3171875301], [-78.5377276539, 35.3173953402], [-78.5375528772, 35.3175476346], [-78.5374583352, 35.3176120706], [-78.5372418667, 35.3177223721], [-78.53","35.517813674, -78.3657086931"
Jones County,"{""coordinates"": [[[-77.4736942003, 35.2289918109], [-77.4734011906, 35.2288547714], [-77.4731081818, 35.228717732], [-77.472815173, 35.228580692], [-77.4725221663, 35.2284436503], [-77.4722291594, 35.2283066088], [-77.4719361546, 35.2281695666], [-77.4716","35.0217312716, -77.3551706493"
Lee County,"{""coordinates"": [[[-79.1835587798, 35.3071678362], [-79.1839038011, 35.3073948874], [-79.1841728579, 35.3075719469], [-79.184441917, 35.3077490057], [-79.1847109761, 35.3079260639], [-79.1849800375, 35.3081031215], [-79.1852491001, 35.3082801785], [-79.18","35.4751919532, -79.171487798"
Lenoir County,"{""coordinates"": [[[-77.806246979, 35.3687663568], [-77.7777017929, 35.3675517251], [-77.7775951086, 35.36756447], [-77.6975061432, 35.3771054746], [-77.6974203721, 35.3769540264], [-77.6973193997, 35.3767882419], [-77.697286043, 35.3767607045], [-77.69722","35.2387727488, -77.6412382489"
Lincoln County,"{""coordinates"": [[[-80.9600283078, 35.5470271467], [-80.9600015686, 35.5466973337], [-80.9598806916, 35.5463290133], [-80.9597665144, 35.5460211664], [-80.9596120122, 35.5456693274], [-80.9594440021, 35.5454246669], [-80.959275993, 35.5451800062], [-80.95","35.4856061615, -81.223533984"
McDowell County,"{""coordinates"": [[[-81.8241257595, 35.5749903592], [-81.8243876046, 35.5748037239], [-81.8247174781, 35.5746496849], [-81.8250473503, 35.574495644], [-81.8253772212, 35.5743416031], [-81.8258139702, 35.5740996627], [-81.825941704, 35.5740726403], [-81.826","35.6817033926, -82.0493133947"
Macon County,"{""coordinates"": [[[-83.7381333497, 35.1559564728], [-83.738096142, 35.1561231624], [-83.7380971803, 35.1563178473], [-83.7380592061, 35.1565927228], [-83.7380251598, 35.1567557523], [-83.7379560092, 35.1569520145], [-83.7378538412, 35.1571454248], [-83.73","35.1504751334, -83.4221835352"
Madison County,"{""coordinates"": [[[-82.8839130356, 35.6782413659], [-82.8841425032, 35.6781577863], [-82.8842698012, 35.6781346606], [-82.8844460059, 35.6781576266], [-82.8846953431, 35.6782449728], [-82.8849832986, 35.6784073271], [-82.8853350128, 35.6786820153], [-82.8","35.8580425473, -82.7057620792"
Martin County,"{""coordinates"": [[[-77.1740027785, 35.7328383445], [-77.1740939256, 35.733034655], [-77.174125357, 35.733230077], [-77.1741087975, 35.7334345272], [-77.1739962547, 35.7336570338], [-77.173915218, 35.7338069059], [-77.173900196, 35.7339431438], [-77.173980","35.8432208741, -77.1092349583"
Mecklenburg County,"{""coordinates"": [[[-81.0339031507, 35.1486985914], [-81.0315775538, 35.1487918577], [-81.0295585299, 35.1487780708], [-81.0271492308, 35.1485417976], [-81.0267771616, 35.1485749215], [-81.0264050921, 35.1486080451], [-81.0260330211, 35.1486411676], [-81.0","35.2464732655, -80.832624334"
Mitchell County,"{""coordinates"": [[[-82.0810825718, 36.1031773971], [-82.0810866793, 36.1026471488], [-82.0810472573, 36.1022850961], [-82.0810078357, 36.1019230443], [-82.0810077948, 36.1015972814], [-82.081007754, 36.1012715195], [-82.0810077142, 36.1009457565], [-82.08","36.0132100213, -82.1635848371"
Montgomery County,"{""coordinates"": [[[-80.0753677123, 35.1430877777], [-80.0752143564, 35.143348713], [-80.0750610005, 35.143609649], [-80.0748876348, 35.1439084385], [-80.0747142679, 35.1442072278], [-80.0745529561, 35.1445233965], [-80.0743916408, 35.1448395642], [-80.074","35.3324057381, -79.905486898"
Moore County,"{""coordinates"": [[[-79.458761964, 35.043648838], [-79.4588160382, 35.0436600814], [-79.4590236776, 35.043700915], [-79.4592430681, 35.043688196], [-79.4594164651, 35.0436459069], [-79.4595589058, 35.0436126593], [-79.4596176045, 35.0435734182], [-79.45974","35.3106621477, -79.4813785357"
Nash County,"{""coordinates"": [[[-78.1921197421, 35.7305516807], [-78.1922985457, 35.7302157706], [-78.1925914951, 35.7300768737], [-78.1930937638, 35.7298721751], [-78.1934013645, 35.7299278785], [-78.1935602362, 35.7297925961], [-78.1935694875, 35.7295582938], [-78.1","35.9672584537, -77.9864480416"
New Hanover County,"{""coordinates"": [[[-77.710490824, 34.2979653162], [-77.7106460472, 34.2976997363], [-77.7108012672, 34.297434158], [-77.7109564862, 34.2971685795], [-77.7111117042, 34.2969030009], [-77.7112669212, 34.296637422], [-77.7114221383, 34.2963718438], [-77.7115","34.2323982405, -77.8842861696"
Northampton County,"{""coordinates"": [[[-77.2915217174, 36.1683491001], [-77.2917994317, 36.1680722842], [-77.2920920504, 36.1678691937], [-77.2923846666, 36.1676661023], [-77.2926772812, 36.1674630094], [-77.2929210537, 36.1672325018], [-77.2931648237, 36.1670019927], [-77.2","36.4177400864, -77.3968293258"
Onslow County,"{""coordinates"": [[[-77.3670638066, 34.9087887293], [-77.3667709147, 34.908657132], [-77.366709603, 34.9089464858], [-77.366648291, 34.9092358387], [-77.3665869784, 34.9095251925], [-77.3665256644, 34.9098145462], [-77.366464351, 34.9101038989], [-77.36640","34.7305961452, -77.427384081"
Orange County,"{""coordinates"": [[[-78.9689948185, 36.1343194843], [-78.9690452356, 36.1340469379], [-78.9690956546, 36.1337743922], [-78.969146071, 36.1335018457], [-78.9691802834, 36.1331831713], [-78.9692144955, 36.132864496], [-78.9692487084, 36.1325458207], [-78.969","36.061125518, -79.1206508913"
Pamlico County,"{""coordinates"": [[[-76.7115822271, 34.9817747547], [-76.7118566956, 34.9816155989], [-76.712131163, 34.9814564425], [-76.7124056292, 34.9812972873], [-76.7126800945, 34.9811381297], [-76.7129545576, 34.9809789714], [-76.7132290207, 34.9808198125], [-76.71","35.1506508792, -76.6698019875"
Pasquotank County,"{""coordinates"": [[[-76.1580409861, 36.0596883394], [-76.158144578, 36.0599508419], [-76.1582481695, 36.0602133443], [-76.1583517616, 36.0604758465], [-76.1584553556, 36.0607383477], [-76.1585589491, 36.0610008497], [-76.1586625433, 36.0612633516], [-76.15","36.2638629855, -76.2481371581"
Pender County,"{""coordinates"": [[[-78.0119330956, 34.7319754378], [-78.0117366608, 34.7318879512], [-78.0115438221, 34.7319335963], [-78.0113775374, 34.7319322292], [-78.0112538571, 34.7318453399], [-78.0111727814, 34.7316729287], [-78.0110905675, 34.7315949612], [-78.0","34.524873632, -77.9051757983"
Perquimans County,"{""coordinates"": [[[-76.3967851654, 36.0263669569], [-76.3968214608, 36.0266405335], [-76.3968577565, 36.0269141091], [-76.3968940534, 36.0271876855], [-76.3969303496, 36.0274612619], [-76.396966646, 36.0277348374], [-76.3970029426, 36.0280084138], [-76.39","36.1772315176, -76.4076368596"
Person County,"{""coordinates"": [[[-78.7962769179, 36.5417485297], [-78.7962487901, 36.541472681], [-78.7962206624, 36.5411968322], [-78.7961925338, 36.5409209825], [-78.7961644065, 36.5406451336], [-78.7961362794, 36.5403692856], [-78.7961081526, 36.5400934366], [-78.79","36.3901024868, -78.9718076525"
Pitt County,"{""coordinates"": [[[-77.1891212728, 35.4183704481], [-77.1891416521, 35.4182901735], [-77.1891661077, 35.4182122201], [-77.1891750897, 35.4181179658], [-77.1891631275, 35.418005935], [-77.1891649157, 35.4178948101], [-77.1891825375, 35.4177529379], [-77.18","35.5933060254, -77.3744986856"
Polk County,"{""coordinates"": [[[-82.3537584133, 35.1909723219], [-82.3537264088, 35.1913567967], [-82.353694398, 35.1917413942], [-82.3536728089, 35.1920340521], [-82.3536512196, 35.1923267089], [-82.3536296291, 35.1926193677], [-82.3536080395, 35.1929120254], [-82.35","35.2792872127, -82.1696840006"
Randolph County,"{""coordinates"": [[[-79.5417309271, 35.8998581167], [-79.5417341662, 35.8995821209], [-79.5417374063, 35.8993061242], [-79.5417406464, 35.8990301275], [-79.5417438866, 35.8987541316], [-79.5417471255, 35.8984781357], [-79.5417503656, 35.8982021388], [-79.5","35.7102921113, -79.8060321882"
Richmond County,"{""coordinates"": [[[-80.0753677123, 35.1430877777], [-80.0750350736, 35.1430535392], [-80.0747024341, 35.1430192998], [-80.074369796, 35.1429850595], [-80.0740371581, 35.1429508183], [-80.0737045205, 35.1429165753], [-80.0733718832, 35.1428823322], [-80.07","35.0060530452, -79.7477810837"
Robeson County,"{""coordinates"": [[[-79.3478711159, 34.8385605556], [-79.3475374614, 34.8385504541], [-79.3472038069, 34.8385403517], [-79.3468701525, 34.8385302483], [-79.3465364981, 34.8385201449], [-79.3462028428, 34.8385100397], [-79.3458691887, 34.8384999336], [-79.3","34.640454686, -79.1038061999"
Rockingham County,"{""coordinates"": [[[-79.5136415416, 36.5409088142], [-79.5136587978, 36.5406341379], [-79.5136760539, 36.5403594616], [-79.513693311, 36.5400847851], [-79.5137105669, 36.5398101087], [-79.5137278226, 36.5395354322], [-79.5137450793, 36.5392607556], [-79.51","36.3960194631, -79.7749906965"
Rowan County,"{""coordinates"": [[[-80.182565506, 35.5041563948], [-80.1829024774, 35.5041515251], [-80.1832394499, 35.5041466545], [-80.1835764212, 35.504141782], [-80.1839133937, 35.5041369104], [-80.1842503649, 35.504132037], [-80.1845873373, 35.5041271626], [-80.1849","35.6394806292, -80.5247743635"
Rutherford County,"{""coordinates"": [[[-82.2613090541, 35.3932042138], [-82.2613958886, 35.3934352588], [-82.2614834746, 35.3936712395], [-82.2615806556, 35.3939846221], [-82.2616778385, 35.3942980055], [-82.2617712812, 35.3944795055], [-82.2618919717, 35.3946002608], [-82.2","35.4026011617, -81.9198346137"
Sampson County,"{""coordinates"": [[[-78.5331891464, 35.3105290826], [-78.532990702, 35.3103022462], [-78.5327922588, 35.3100754113], [-78.5325938167, 35.3098485752], [-78.5323953757, 35.3096217387], [-78.5321969369, 35.3093949019], [-78.5319984981, 35.3091680648], [-78.53","34.9915449601, -78.3713929114"
Scotland County,"{""coordinates"": [[[-79.3478711159, 34.8385605556], [-79.3479879483, 34.8384997676], [-79.3480891587, 34.8384834075], [-79.3481788175, 34.8384992167], [-79.3483587223, 34.8386690347], [-79.3485149565, 34.8387682187], [-79.3486475891, 34.8388128306], [-79.3","34.8408934079, -79.4804337423"
Stanly County,"{""coordinates"": [[[-80.0753677123, 35.1430877777], [-80.0757736434, 35.143139736], [-80.0761795762, 35.1431916938], [-80.0763209949, 35.1436975045], [-80.0764153719, 35.1439968243], [-80.0765097495, 35.144296143], [-80.0765954893, 35.1446130265], [-80.076","35.3119473256, -80.250977129"
Stokes County,"{""coordinates"": [[[-80.0351222316, 36.2571913163], [-80.0354662974, 36.2571958387], [-80.0358103633, 36.2572003603], [-80.036154427, 36.2572048817], [-80.036498493, 36.2572094022], [-80.036842559, 36.2572139217], [-80.0371866239, 36.2572184394], [-80.0375","36.401912177, -80.2395195301"
Surry County,"{""coordinates"": [[[-80.4523255004, 36.2414259687], [-80.4525888595, 36.2416102508], [-80.4528522187, 36.2417945324], [-80.4531155779, 36.2419788143], [-80.4533789395, 36.2421630956], [-80.4536423023, 36.2423473754], [-80.4539056663, 36.2425316555], [-80.4","36.4148354079, -80.6880495375"
Swain County,"{""coordinates"": [[[-83.1863256083, 35.5143752008], [-83.1864796486, 35.5144412966], [-83.1868292209, 35.5146168366], [-83.1871382782, 35.5147854165], [-83.1874473358, 35.5149539956], [-83.1877563957, 35.5151225739], [-83.1883207596, 35.5153365122], [-83.1","35.4868225402, -83.4927427177"
Transylvania County,"{""coordinates"": [[[-83.0085351561, 35.0274014475], [-83.008856678, 35.0278418967], [-83.0090246905, 35.0281412576], [-83.0091289206, 35.028442732], [-83.0092325737, 35.0286022778], [-83.0093364761, 35.028767068], [-83.0094397418, 35.0289187348], [-83.0095","35.2021844907, -82.7983042789"
Tyrrell County,"{""coordinates"": [[[-76.027480896, 35.6688563235], [-76.0276245604, 35.6685795087], [-76.0277682248, 35.6683026937], [-76.0279118873, 35.6680258776], [-76.0280555487, 35.6677490614], [-76.0281992103, 35.6674722449], [-76.0283428698, 35.6671954283], [-76.02","35.8702750756, -76.1728704054"
Union County,"{""coordinates"": [[[-80.5503588655, 35.2084113769], [-80.5500730963, 35.2082650553], [-80.5497873193, 35.2081187268], [-80.5495015433, 35.2079723976], [-80.5492157694, 35.2078260668], [-80.5489299965, 35.2076797371], [-80.5486442236, 35.2075334059], [-80.5","34.9883647097, -80.5307419421"
Vance County,"{""coordinates"": [[[-78.4966164833, 36.1752060457], [-78.4969120657, 36.1752740795], [-78.4972226202, 36.1752681237], [-78.4974311446, 36.1753364161], [-78.4977348779, 36.1754219514], [-78.4979645476, 36.1754830982], [-78.4982610026, 36.1755445183], [-78.4","36.3649234895, -78.4079308714"
Wake County,"{""coordinates"": [[[-78.906073705, 35.8681028087], [-78.9057165258, 35.868097739], [-78.9053593455, 35.8680926674], [-78.9050021653, 35.8680875956], [-78.9046449851, 35.8680825227], [-78.9042878061, 35.8680774488], [-78.903930626, 35.8680723739], [-78.9035","35.7902510687, -78.6503104177"
Warren County,"{""coordinates"": [[[-78.0065533479, 36.2026398381], [-78.0067700112, 36.2029280857], [-78.0070092397, 36.2032055153], [-78.0071886638, 36.2034135906], [-78.007379606, 36.2036709521], [-78.007533804, 36.2039575393], [-78.0076519602, 36.2042143096], [-78.007","36.3965167244, -78.1067192711"
Washington County,"{""coordinates"": [[[-76.6375157788, 35.7052228816], [-76.6378528364, 35.7052238782], [-76.6381898939, 35.7052248748], [-76.6385269514, 35.7052258696], [-76.638864009, 35.7052268643], [-76.6392010665, 35.7052278572], [-76.6395381241, 35.7052288501], [-76.63","35.8367331311, -76.5724314726"
Watauga County,"{""coordinates"": [[[-81.810519441, 36.1115174973], [-81.8110224755, 36.1114915106], [-81.8115255096, 36.1114655218], [-81.81163879, 36.1118679797], [-81.8117429773, 36.1121865], [-81.8118471665, 36.1125050201], [-81.8119513555, 36.1128235401], [-81.8120555","36.231113356, -81.6964279687"
Wayne County,"{""coordinates"": [[[-77.998685108, 35.5856713446], [-77.9983574025, 35.5856041845], [-77.9980206425, 35.5856060958], [-77.9976838826, 35.585608007], [-77.9973471237, 35.5856099173], [-77.9970103626, 35.5856118258], [-77.9966736026, 35.5856137342], [-77.996","35.3639675799, -78.0039961212"
Wilkes County,"{""coordinates"": [[[-81.3025680832, 36.0049050313], [-81.3028525945, 36.0049655036], [-81.3035159636, 36.0050572493], [-81.3037117583, 36.0050450376], [-81.3039438481, 36.0050010929], [-81.3043701232, 36.0048886298], [-81.3046304265, 36.0047669378], [-81.3","36.2062952993, -81.1633639903"
Wilson County,"{""coordinates"": [[[-77.8225136107, 35.5853899026], [-77.8229623688, 35.5853615073], [-77.8231819943, 35.5854442546], [-77.8233495933, 35.5855223637], [-77.8236036117, 35.5856858957], [-77.8239065905, 35.5859961069], [-77.8241568161, 35.5862885719], [-77.8","35.7051528475, -77.9186657581"
Yadkin County,"{""coordinates"": [[[-80.4962860696, 36.0465521958], [-80.4966353333, 36.046555912], [-80.4969845959, 36.0465596291], [-80.4973338597, 36.0465633443], [-80.4976831213, 36.0465670594], [-80.498032384, 36.0465707726], [-80.4983816479, 36.0465744857], [-80.498","36.1605399564, -80.6652469202"
Yancey County,"{""coordinates"": [[[-82.133488235, 35.8233155806], [-82.1335041783, 35.8231525292], [-82.1335312363, 35.8228757868], [-82.1335582929, 35.8225990435], [-82.1336739564, 35.8221706027], [-82.1337145588, 35.8218929825], [-82.1337551609, 35.821615364], [-82.133","35.8989554332, -82.3076321226"
Haywood County,"{""coordinates"": [[[-82.9208849849, 35.2920439417], [-82.9211316789, 35.2922309429], [-82.9213480661, 35.2925661156], [-82.9215644562, 35.2929012878], [-82.9217956777, 35.2931526719], [-82.9220269006, 35.2934040565], [-82.9222581249, 35.2936554397], [-82.9","35.5560626186, -82.9821769752"
Hyde County,"{""coordinates"": [[[-76.0190460605, 35.0653993465], [-76.0192238408, 35.0656325881], [-76.0194016233, 35.0658658304], [-76.0195794068, 35.0660990715], [-76.0197571902, 35.0663323132], [-76.0199349758, 35.0665655537], [-76.0201127612, 35.0667987949], [-76.0","35.4213444349, -76.1565220677"